"ID";"指示器";"包";"数量";"名称";"供应商和参考";
1;"G***";"logo";1;"LOGO";;;
2;"U4";"SMD-8";1;"NRF24L01_Breakout";;;
3;"BAT+,GND,GND,GND,GND,3.3V,3.3V,3.3V,3.3V";"TestPoint_Pad_D2.5mm";9;"TestPoint_Pad_D2.5mm";;;
4;"COM";"Molex_PicoBlade_53261-0471_1x04-1MP_P1.25mm_Horizontal";1;"USB";;;
5;"U13,U12";"Molex_PicoBlade_53261-0471_1x04-1MP_P1.25mm_Horizontal";2;"PLUG_SMD_4P";;;
6;"SWD";"Molex_PicoBlade_53261-0471_1x04-1MP_P1.25mm_Horizontal";1;"SWD";;;
7;"OLED";"Molex_PicoBlade_53261-0471_1x04-1MP_P1.25mm_Horizontal";1;"OLED";;;
8;"U15,U14,U11,U10,U9,U8";"Molex_PicoBlade_53261-0371_1x03-1MP_P1.25mm_Horizontal";6;"PLUG_SMD";;;
9;"U16";"Molex_PicoBlade_53261-0271_1x02-1MP_P1.25mm_Horizontal";1;"PLUG_SMD_2P";;;
10;"Y2";"Crystal_SMD_3215-2Pin_3.2x1.5mm";1;"32.768K";;;
11;"Y1";"Crystal_SMD_3225-4Pin_3.2x2.5mm";1;"8M";;;
12;"U5";"TO-263-2";1;"L7805";;;
13;"U3";"LQFP-48_7x7mm_P0.5mm";1;"STM32F103C8T6";;;
14;"U1";"SOT-223";1;"AMS1117-3.3";;;
15;"SW7,SW6,SW5,SW4";"SW_Push_1P1T_NO_6x6mm_H9.5mm";4;"SW_Push";;;
16;"R13,R2";"R_0603_1608Metric";2;"10K";;;
17;"R12";"R_0603_1608Metric";1;"20K";;;
18;"R11,R4,R3";"R_0603_1608Metric";3;"1K";;;
19;"R5,R1";"R_0603_1608Metric";2;"100K";;;
20;"Q1";"SOT-23";1;"S8050";;;
21;"D3";"D_0603_1608Metric";1;"1N5819";;;
22;"D2,D1";"LED_0603_1608Metric";2;"LED";;;
23;"C14,C13,C12,C11,C9,C8,C3,C1";"C_0603_1608Metric";8;"104";;;
24;"C7,C6,C5,C4";"C_0603_1608Metric";4;"20P";;;
25;"C2";"C_Elec_6.3x5.4";1;"100U";;;
26;"BZ1";"Buzzer_12x9.5RM7.6";1;"Buzzer";;;
