<?xml version="1.0" encoding="UTF-8"?>
<export version="D">
  <design>
    <source>C:\Users\12870\Desktop\j20\fly_receive\fly_receive.sch</source>
    <date>2020/12/19 22:40:08</date>
    <tool>Eeschema (5.1.6)-1</tool>
    <sheet number="1" name="/" tstamps="/">
      <title_block>
        <title>Receive</title>
        <company>hee</company>
        <rev>V1.0</rev>
        <date/>
        <source>fly_receive.sch</source>
        <comment number="1" value=""/>
        <comment number="2" value=""/>
        <comment number="3" value=""/>
        <comment number="4" value=""/>
      </title_block>
    </sheet>
  </design>
  <components>
    <comp ref="U4">
      <value>NRF24L01_Breakout</value>
      <footprint>New_lib:SMD-8</footprint>
      <datasheet>http://www.nordicsemi.com/eng/content/download/2730/34105/file/nRF24L01_Product_Specification_v2_0.pdf</datasheet>
      <libsource lib="RF" part="NRF24L01_Breakout" description="Ultra low power 2.4GHz RF Transceiver, Carrier PCB"/>
      <sheetpath names="/" tstamps="/"/>
      <tstamp>5FBA86FC</tstamp>
    </comp>
    <comp ref="U3">
      <value>STM32F103C8T6</value>
      <footprint>Package_QFP:LQFP-48_7x7mm_P0.5mm</footprint>
      <datasheet>http://www.st.com/st-web-ui/static/active/en/resource/technical/document/datasheet/CD00161566.pdf</datasheet>
      <libsource lib="MCU_ST_STM32F1" part="STM32F103C8Tx" description="ARM Cortex-M3 MCU, 64KB flash, 20KB RAM, 72MHz, 2-3.6V, 37 GPIO, LQFP-48"/>
      <sheetpath names="/" tstamps="/"/>
      <tstamp>5FBAA065</tstamp>
    </comp>
    <comp ref="C6">
      <value>20P</value>
      <footprint>Capacitor_SMD:C_0603_1608Metric</footprint>
      <datasheet>~</datasheet>
      <libsource lib="Device" part="C" description="Unpolarized capacitor"/>
      <sheetpath names="/" tstamps="/"/>
      <tstamp>5FC665A2</tstamp>
    </comp>
    <comp ref="C7">
      <value>20P</value>
      <footprint>Capacitor_SMD:C_0603_1608Metric</footprint>
      <datasheet>~</datasheet>
      <libsource lib="Device" part="C" description="Unpolarized capacitor"/>
      <sheetpath names="/" tstamps="/"/>
      <tstamp>5FC66932</tstamp>
    </comp>
    <comp ref="Y2">
      <value>32.768K</value>
      <footprint>Crystal:Crystal_SMD_3215-2Pin_3.2x1.5mm</footprint>
      <datasheet>~</datasheet>
      <libsource lib="Device" part="Crystal" description="Two pin crystal"/>
      <sheetpath names="/" tstamps="/"/>
      <tstamp>5FC7D513</tstamp>
    </comp>
    <comp ref="Y1">
      <value>8M</value>
      <footprint>Crystal:Crystal_SMD_3225-4Pin_3.2x2.5mm</footprint>
      <datasheet>~</datasheet>
      <libsource lib="Device" part="Crystal" description="Two pin crystal"/>
      <sheetpath names="/" tstamps="/"/>
      <tstamp>5FCC049F</tstamp>
    </comp>
    <comp ref="C5">
      <value>20P</value>
      <footprint>Capacitor_SMD:C_0603_1608Metric</footprint>
      <datasheet>~</datasheet>
      <libsource lib="Device" part="C" description="Unpolarized capacitor"/>
      <sheetpath names="/" tstamps="/"/>
      <tstamp>5FCC0499</tstamp>
    </comp>
    <comp ref="C4">
      <value>20P</value>
      <footprint>Capacitor_SMD:C_0603_1608Metric</footprint>
      <datasheet>~</datasheet>
      <libsource lib="Device" part="C" description="Unpolarized capacitor"/>
      <sheetpath names="/" tstamps="/"/>
      <tstamp>5FCC0493</tstamp>
    </comp>
    <comp ref="C12">
      <value>104</value>
      <footprint>Capacitor_SMD:C_0603_1608Metric</footprint>
      <datasheet>~</datasheet>
      <libsource lib="Device" part="C" description="Unpolarized capacitor"/>
      <sheetpath names="/" tstamps="/"/>
      <tstamp>5FCF2269</tstamp>
    </comp>
    <comp ref="R5">
      <value>100K</value>
      <footprint>Resistor_SMD:R_0603_1608Metric</footprint>
      <datasheet>~</datasheet>
      <libsource lib="Device" part="R" description="Resistor"/>
      <sheetpath names="/" tstamps="/"/>
      <tstamp>5FD04D1D</tstamp>
    </comp>
    <comp ref="C11">
      <value>104</value>
      <footprint>Capacitor_SMD:C_0603_1608Metric</footprint>
      <datasheet>~</datasheet>
      <libsource lib="Device" part="C" description="Unpolarized capacitor"/>
      <sheetpath names="/" tstamps="/"/>
      <tstamp>5FD2451D</tstamp>
    </comp>
    <comp ref="C9">
      <value>104</value>
      <footprint>Capacitor_SMD:C_0603_1608Metric</footprint>
      <datasheet>~</datasheet>
      <libsource lib="Device" part="C" description="Unpolarized capacitor"/>
      <sheetpath names="/" tstamps="/"/>
      <tstamp>5FD2D652</tstamp>
    </comp>
    <comp ref="C8">
      <value>104</value>
      <footprint>Capacitor_SMD:C_0603_1608Metric</footprint>
      <datasheet>~</datasheet>
      <libsource lib="Device" part="C" description="Unpolarized capacitor"/>
      <sheetpath names="/" tstamps="/"/>
      <tstamp>5FD2D65F</tstamp>
    </comp>
    <comp ref="R1">
      <value>100K</value>
      <footprint>Resistor_SMD:R_0603_1608Metric</footprint>
      <datasheet>~</datasheet>
      <libsource lib="Device" part="R" description="Resistor"/>
      <sheetpath names="/" tstamps="/"/>
      <tstamp>5FDB5DBC</tstamp>
    </comp>
    <comp ref="D1">
      <value>LED</value>
      <footprint>LED_SMD:LED_0603_1608Metric</footprint>
      <datasheet>~</datasheet>
      <libsource lib="Device" part="LED" description="Light emitting diode"/>
      <sheetpath names="/" tstamps="/"/>
      <tstamp>5FE23552</tstamp>
    </comp>
    <comp ref="R3">
      <value>1K</value>
      <footprint>Resistor_SMD:R_0603_1608Metric</footprint>
      <datasheet>~</datasheet>
      <libsource lib="Device" part="R" description="Resistor"/>
      <sheetpath names="/" tstamps="/"/>
      <tstamp>5FE2490E</tstamp>
    </comp>
    <comp ref="D2">
      <value>LED</value>
      <footprint>LED_SMD:LED_0603_1608Metric</footprint>
      <datasheet>~</datasheet>
      <libsource lib="Device" part="LED" description="Light emitting diode"/>
      <sheetpath names="/" tstamps="/"/>
      <tstamp>5FE3540C</tstamp>
    </comp>
    <comp ref="R4">
      <value>1K</value>
      <footprint>Resistor_SMD:R_0603_1608Metric</footprint>
      <datasheet>~</datasheet>
      <libsource lib="Device" part="R" description="Resistor"/>
      <sheetpath names="/" tstamps="/"/>
      <tstamp>5FE35412</tstamp>
    </comp>
    <comp ref="BZ1">
      <value>Buzzer</value>
      <footprint>Buzzer_Beeper:Buzzer_12x9.5RM7.6</footprint>
      <datasheet>~</datasheet>
      <libsource lib="Device" part="Buzzer" description="Buzzer, polarized"/>
      <sheetpath names="/" tstamps="/"/>
      <tstamp>5FE64360</tstamp>
    </comp>
    <comp ref="R11">
      <value>1K</value>
      <footprint>Resistor_SMD:R_0603_1608Metric</footprint>
      <datasheet>~</datasheet>
      <libsource lib="Device" part="R" description="Resistor"/>
      <sheetpath names="/" tstamps="/"/>
      <tstamp>5FE81494</tstamp>
    </comp>
    <comp ref="U7">
      <value>SWD</value>
      <footprint>Connector_Molex:Molex_PicoBlade_53261-0471_1x04-1MP_P1.25mm_Horizontal</footprint>
      <libsource lib="fly_receive-rescue" part="FLASH-New_Library" description=""/>
      <sheetpath names="/" tstamps="/"/>
      <tstamp>5FF43F02</tstamp>
    </comp>
    <comp ref="C14">
      <value>104</value>
      <footprint>Capacitor_SMD:C_0603_1608Metric</footprint>
      <datasheet>~</datasheet>
      <libsource lib="Device" part="C" description="Unpolarized capacitor"/>
      <sheetpath names="/" tstamps="/"/>
      <tstamp>5FF473A4</tstamp>
    </comp>
    <comp ref="U14">
      <value>PLUG_SMD</value>
      <footprint>Connector_Molex:Molex_PicoBlade_53261-0371_1x03-1MP_P1.25mm_Horizontal</footprint>
      <libsource lib="fly_receive-rescue" part="PLUG_SMD-New_Library" description=""/>
      <sheetpath names="/" tstamps="/"/>
      <tstamp>5FC8D638</tstamp>
    </comp>
    <comp ref="SW4">
      <value>SW_Push</value>
      <footprint>Button_Switch_SMD:SW_Push_1P1T_NO_6x6mm_H9.5mm</footprint>
      <datasheet>~</datasheet>
      <libsource lib="Switch" part="SW_Push" description="Push button switch, generic, two pins"/>
      <sheetpath names="/" tstamps="/"/>
      <tstamp>5FC987ED</tstamp>
    </comp>
    <comp ref="SW5">
      <value>SW_Push</value>
      <footprint>Button_Switch_SMD:SW_Push_1P1T_NO_6x6mm_H9.5mm</footprint>
      <datasheet>~</datasheet>
      <libsource lib="Switch" part="SW_Push" description="Push button switch, generic, two pins"/>
      <sheetpath names="/" tstamps="/"/>
      <tstamp>5FCA279B</tstamp>
    </comp>
    <comp ref="SW6">
      <value>SW_Push</value>
      <footprint>Button_Switch_SMD:SW_Push_1P1T_NO_6x6mm_H9.5mm</footprint>
      <datasheet>~</datasheet>
      <libsource lib="Switch" part="SW_Push" description="Push button switch, generic, two pins"/>
      <sheetpath names="/" tstamps="/"/>
      <tstamp>5FCAC5D0</tstamp>
    </comp>
    <comp ref="SW7">
      <value>SW_Push</value>
      <footprint>Button_Switch_SMD:SW_Push_1P1T_NO_6x6mm_H9.5mm</footprint>
      <datasheet>~</datasheet>
      <libsource lib="Switch" part="SW_Push" description="Push button switch, generic, two pins"/>
      <sheetpath names="/" tstamps="/"/>
      <tstamp>5FCB6292</tstamp>
    </comp>
    <comp ref="U1">
      <value>AMS1117-3.3</value>
      <footprint>Package_TO_SOT_SMD:SOT-223</footprint>
      <datasheet>http://www.advanced-monolithic.com/pdf/ds1117.pdf</datasheet>
      <libsource lib="Regulator_Linear" part="AMS1117-3.3" description="1A Low Dropout regulator, positive, 3.3V fixed output, SOT-223"/>
      <sheetpath names="/" tstamps="/"/>
      <tstamp>5FDADA6D</tstamp>
    </comp>
    <comp ref="C1">
      <value>104</value>
      <footprint>Capacitor_SMD:C_0603_1608Metric</footprint>
      <datasheet>~</datasheet>
      <libsource lib="Device" part="C" description="Unpolarized capacitor"/>
      <sheetpath names="/" tstamps="/"/>
      <tstamp>5FDD4056</tstamp>
    </comp>
    <comp ref="C2">
      <value>100U</value>
      <footprint>Capacitor_SMD:C_Elec_6.3x5.4</footprint>
      <datasheet>~</datasheet>
      <libsource lib="Device" part="C" description="Unpolarized capacitor"/>
      <sheetpath names="/" tstamps="/"/>
      <tstamp>5FDD4DE5</tstamp>
    </comp>
    <comp ref="U2">
      <value>OLED</value>
      <footprint>Connector_Molex:Molex_PicoBlade_53261-0471_1x04-1MP_P1.25mm_Horizontal</footprint>
      <libsource lib="fly_receive-rescue" part="OLED-New_Library" description=""/>
      <sheetpath names="/" tstamps="/"/>
      <tstamp>5FE8939A</tstamp>
    </comp>
    <comp ref="D3">
      <value>1N5819</value>
      <footprint>Diode_SMD:D_0603_1608Metric</footprint>
      <datasheet>http://www.vishay.com/docs/88525/1n5817.pdf</datasheet>
      <libsource lib="Diode" part="1N5819" description="40V 1A Schottky Barrier Rectifier Diode, DO-41"/>
      <sheetpath names="/" tstamps="/"/>
      <tstamp>5FEE4C0C</tstamp>
    </comp>
    <comp ref="R2">
      <value>10K</value>
      <footprint>Resistor_SMD:R_0603_1608Metric</footprint>
      <datasheet>~</datasheet>
      <libsource lib="Device" part="R" description="Resistor"/>
      <sheetpath names="/" tstamps="/"/>
      <tstamp>5FE425BD</tstamp>
    </comp>
    <comp ref="C3">
      <value>104</value>
      <footprint>Capacitor_SMD:C_0603_1608Metric</footprint>
      <datasheet>~</datasheet>
      <libsource lib="Device" part="C" description="Unpolarized capacitor"/>
      <sheetpath names="/" tstamps="/"/>
      <tstamp>5FE4E3FB</tstamp>
    </comp>
    <comp ref="R12">
      <value>20K</value>
      <footprint>Resistor_SMD:R_0603_1608Metric</footprint>
      <datasheet>~</datasheet>
      <libsource lib="Device" part="R" description="Resistor"/>
      <sheetpath names="/" tstamps="/"/>
      <tstamp>600A78F8</tstamp>
    </comp>
    <comp ref="R13">
      <value>10K</value>
      <footprint>Resistor_SMD:R_0603_1608Metric</footprint>
      <datasheet>~</datasheet>
      <libsource lib="Device" part="R" description="Resistor"/>
      <sheetpath names="/" tstamps="/"/>
      <tstamp>600A7F6C</tstamp>
    </comp>
    <comp ref="U5">
      <value>L7805</value>
      <footprint>Package_TO_SOT_SMD:TO-263-2</footprint>
      <datasheet>http://www.st.com/content/ccc/resource/technical/document/datasheet/41/4f/b3/b0/12/d4/47/88/CD00000444.pdf/files/CD00000444.pdf/jcr:content/translations/en.CD00000444.pdf</datasheet>
      <libsource lib="Regulator_Linear" part="L7805" description="Positive 1.5A 35V Linear Regulator, Fixed Output 5V, TO-220/TO-263/TO-252"/>
      <sheetpath names="/" tstamps="/"/>
      <tstamp>600E40B6</tstamp>
    </comp>
    <comp ref="C13">
      <value>104</value>
      <footprint>Capacitor_SMD:C_0603_1608Metric</footprint>
      <datasheet>~</datasheet>
      <libsource lib="Device" part="C" description="Unpolarized capacitor"/>
      <sheetpath names="/" tstamps="/"/>
      <tstamp>6029F6D2</tstamp>
    </comp>
    <comp ref="U8">
      <value>PLUG_SMD</value>
      <footprint>Connector_Molex:Molex_PicoBlade_53261-0371_1x03-1MP_P1.25mm_Horizontal</footprint>
      <libsource lib="fly_receive-rescue" part="PLUG_SMD-New_Library" description=""/>
      <sheetpath names="/" tstamps="/"/>
      <tstamp>602CB97C</tstamp>
    </comp>
    <comp ref="U9">
      <value>PLUG_SMD</value>
      <footprint>Connector_Molex:Molex_PicoBlade_53261-0371_1x03-1MP_P1.25mm_Horizontal</footprint>
      <libsource lib="fly_receive-rescue" part="PLUG_SMD-New_Library" description=""/>
      <sheetpath names="/" tstamps="/"/>
      <tstamp>603A6F2F</tstamp>
    </comp>
    <comp ref="U10">
      <value>PLUG_SMD</value>
      <footprint>Connector_Molex:Molex_PicoBlade_53261-0371_1x03-1MP_P1.25mm_Horizontal</footprint>
      <libsource lib="fly_receive-rescue" part="PLUG_SMD-New_Library" description=""/>
      <sheetpath names="/" tstamps="/"/>
      <tstamp>603B60C7</tstamp>
    </comp>
    <comp ref="U11">
      <value>PLUG_SMD</value>
      <footprint>Connector_Molex:Molex_PicoBlade_53261-0371_1x03-1MP_P1.25mm_Horizontal</footprint>
      <libsource lib="fly_receive-rescue" part="PLUG_SMD-New_Library" description=""/>
      <sheetpath names="/" tstamps="/"/>
      <tstamp>603C4CBC</tstamp>
    </comp>
    <comp ref="U12">
      <value>PLUG_SMD_4P</value>
      <footprint>Connector_Molex:Molex_PicoBlade_53261-0471_1x04-1MP_P1.25mm_Horizontal</footprint>
      <libsource lib="fly_receive-rescue" part="PLUG_SMD_4P-New_Library" description=""/>
      <sheetpath names="/" tstamps="/"/>
      <tstamp>60422317</tstamp>
    </comp>
    <comp ref="U13">
      <value>PLUG_SMD_4P</value>
      <footprint>Connector_Molex:Molex_PicoBlade_53261-0471_1x04-1MP_P1.25mm_Horizontal</footprint>
      <libsource lib="fly_receive-rescue" part="PLUG_SMD_4P-New_Library" description=""/>
      <sheetpath names="/" tstamps="/"/>
      <tstamp>604DDDD7</tstamp>
    </comp>
    <comp ref="U15">
      <value>PLUG_SMD</value>
      <footprint>Connector_Molex:Molex_PicoBlade_53261-0371_1x03-1MP_P1.25mm_Horizontal</footprint>
      <libsource lib="fly_receive-rescue" part="PLUG_SMD-New_Library" description=""/>
      <sheetpath names="/" tstamps="/"/>
      <tstamp>5FCDDDA6</tstamp>
    </comp>
    <comp ref="Q1">
      <value>S8050</value>
      <footprint>Package_TO_SOT_SMD:SOT-23</footprint>
      <datasheet>http://www.unisonic.com.tw/datasheet/S8050.pdf</datasheet>
      <libsource lib="Transistor_BJT" part="S8050" description="0.7A Ic, 20V Vce, Low Voltage High Current NPN Transistor, TO-92"/>
      <sheetpath names="/" tstamps="/"/>
      <tstamp>5FDC4B5A</tstamp>
    </comp>
    <comp ref="U16">
      <value>PLUG_SMD_2P</value>
      <footprint>Connector_Molex:Molex_PicoBlade_53261-0271_1x02-1MP_P1.25mm_Horizontal</footprint>
      <libsource lib="New_Library" part="PLUG_SMD_2P" description=""/>
      <sheetpath names="/" tstamps="/"/>
      <tstamp>5FD01BD4</tstamp>
    </comp>
    <comp ref="U17">
      <value>USB</value>
      <libsource lib="New_Library" part="PLUG_SMD_4P" description=""/>
      <sheetpath names="/" tstamps="/"/>
      <tstamp>5FD79D51</tstamp>
    </comp>
  </components>
  <libparts>
    <libpart lib="Device" part="Buzzer">
      <description>Buzzer, polarized</description>
      <docs>~</docs>
      <footprints>
        <fp>*Buzzer*</fp>
      </footprints>
      <fields>
        <field name="Reference">BZ</field>
        <field name="Value">Buzzer</field>
      </fields>
      <pins>
        <pin num="1" name="-" type="passive"/>
        <pin num="2" name="+" type="passive"/>
      </pins>
    </libpart>
    <libpart lib="Device" part="C">
      <description>Unpolarized capacitor</description>
      <docs>~</docs>
      <footprints>
        <fp>C_*</fp>
      </footprints>
      <fields>
        <field name="Reference">C</field>
        <field name="Value">C</field>
      </fields>
      <pins>
        <pin num="1" name="~" type="passive"/>
        <pin num="2" name="~" type="passive"/>
      </pins>
    </libpart>
    <libpart lib="Device" part="Crystal">
      <description>Two pin crystal</description>
      <docs>~</docs>
      <footprints>
        <fp>Crystal*</fp>
      </footprints>
      <fields>
        <field name="Reference">Y</field>
        <field name="Value">Crystal</field>
      </fields>
      <pins>
        <pin num="1" name="1" type="passive"/>
        <pin num="2" name="2" type="passive"/>
      </pins>
    </libpart>
    <libpart lib="Device" part="LED">
      <description>Light emitting diode</description>
      <docs>~</docs>
      <footprints>
        <fp>LED*</fp>
        <fp>LED_SMD:*</fp>
        <fp>LED_THT:*</fp>
      </footprints>
      <fields>
        <field name="Reference">D</field>
        <field name="Value">LED</field>
      </fields>
      <pins>
        <pin num="1" name="K" type="passive"/>
        <pin num="2" name="A" type="passive"/>
      </pins>
    </libpart>
    <libpart lib="Device" part="R">
      <description>Resistor</description>
      <docs>~</docs>
      <footprints>
        <fp>R_*</fp>
      </footprints>
      <fields>
        <field name="Reference">R</field>
        <field name="Value">R</field>
      </fields>
      <pins>
        <pin num="1" name="~" type="passive"/>
        <pin num="2" name="~" type="passive"/>
      </pins>
    </libpart>
    <libpart lib="Diode" part="SB120">
      <aliases>
        <alias>SB130</alias>
        <alias>SB140</alias>
        <alias>SB150</alias>
        <alias>SB160</alias>
        <alias>1N5817</alias>
        <alias>1N5818</alias>
        <alias>1N5819</alias>
      </aliases>
      <description>20V 1A Schottky Barrier Rectifier Diode, DO-41</description>
      <docs>http://www.diodes.com/_files/datasheets/ds23022.pdf</docs>
      <footprints>
        <fp>D*DO?41*</fp>
      </footprints>
      <fields>
        <field name="Reference">D</field>
        <field name="Value">SB120</field>
        <field name="Footprint">Diode_THT:D_DO-41_SOD81_P10.16mm_Horizontal</field>
      </fields>
      <pins>
        <pin num="1" name="K" type="passive"/>
        <pin num="2" name="A" type="passive"/>
      </pins>
    </libpart>
    <libpart lib="MCU_ST_STM32F1" part="STM32F103C8Tx">
      <aliases>
        <alias>STM32F103CBTx</alias>
      </aliases>
      <description>ARM Cortex-M3 MCU, 64KB flash, 20KB RAM, 72MHz, 2-3.6V, 37 GPIO, LQFP-48</description>
      <docs>http://www.st.com/st-web-ui/static/active/en/resource/technical/document/datasheet/CD00161566.pdf</docs>
      <footprints>
        <fp>LQFP*7x7mm*P0.5mm*</fp>
      </footprints>
      <fields>
        <field name="Reference">U</field>
        <field name="Value">STM32F103C8Tx</field>
        <field name="Footprint">Package_QFP:LQFP-48_7x7mm_P0.5mm</field>
      </fields>
      <pins>
        <pin num="1" name="VBAT" type="power_in"/>
        <pin num="2" name="PC13" type="BiDi"/>
        <pin num="3" name="PC14" type="BiDi"/>
        <pin num="4" name="PC15" type="BiDi"/>
        <pin num="5" name="PD0" type="input"/>
        <pin num="6" name="PD1" type="input"/>
        <pin num="7" name="NRST" type="input"/>
        <pin num="8" name="VSSA" type="power_in"/>
        <pin num="9" name="VDDA" type="power_in"/>
        <pin num="10" name="PA0" type="BiDi"/>
        <pin num="11" name="PA1" type="BiDi"/>
        <pin num="12" name="PA2" type="BiDi"/>
        <pin num="13" name="PA3" type="BiDi"/>
        <pin num="14" name="PA4" type="BiDi"/>
        <pin num="15" name="PA5" type="BiDi"/>
        <pin num="16" name="PA6" type="BiDi"/>
        <pin num="17" name="PA7" type="BiDi"/>
        <pin num="18" name="PB0" type="BiDi"/>
        <pin num="19" name="PB1" type="BiDi"/>
        <pin num="20" name="PB2" type="BiDi"/>
        <pin num="21" name="PB10" type="BiDi"/>
        <pin num="22" name="PB11" type="BiDi"/>
        <pin num="23" name="VSS" type="power_in"/>
        <pin num="24" name="VDD" type="power_in"/>
        <pin num="25" name="PB12" type="BiDi"/>
        <pin num="26" name="PB13" type="BiDi"/>
        <pin num="27" name="PB14" type="BiDi"/>
        <pin num="28" name="PB15" type="BiDi"/>
        <pin num="29" name="PA8" type="BiDi"/>
        <pin num="30" name="PA9" type="BiDi"/>
        <pin num="31" name="PA10" type="BiDi"/>
        <pin num="32" name="PA11" type="BiDi"/>
        <pin num="33" name="PA12" type="BiDi"/>
        <pin num="34" name="PA13" type="BiDi"/>
        <pin num="35" name="VSS" type="power_in"/>
        <pin num="36" name="VDD" type="power_in"/>
        <pin num="37" name="PA14" type="BiDi"/>
        <pin num="38" name="PA15" type="BiDi"/>
        <pin num="39" name="PB3" type="BiDi"/>
        <pin num="40" name="PB4" type="BiDi"/>
        <pin num="41" name="PB5" type="BiDi"/>
        <pin num="42" name="PB6" type="BiDi"/>
        <pin num="43" name="PB7" type="BiDi"/>
        <pin num="44" name="BOOT0" type="input"/>
        <pin num="45" name="PB8" type="BiDi"/>
        <pin num="46" name="PB9" type="BiDi"/>
        <pin num="47" name="VSS" type="power_in"/>
        <pin num="48" name="VDD" type="power_in"/>
      </pins>
    </libpart>
    <libpart lib="New_Library" part="PLUG_SMD_2P">
      <fields>
        <field name="Reference">U</field>
        <field name="Value">PLUG_SMD_2P</field>
      </fields>
      <pins>
        <pin num="1" name="~" type="passive"/>
        <pin num="2" name="~" type="passive"/>
      </pins>
    </libpart>
    <libpart lib="New_Library" part="PLUG_SMD_4P">
      <fields>
        <field name="Reference">U</field>
        <field name="Value">PLUG_SMD_4P</field>
      </fields>
      <pins>
        <pin num="1" name="~" type="passive"/>
        <pin num="2" name="~" type="passive"/>
        <pin num="3" name="~" type="passive"/>
        <pin num="4" name="~" type="passive"/>
      </pins>
    </libpart>
    <libpart lib="RF" part="NRF24L01_Breakout">
      <description>Ultra low power 2.4GHz RF Transceiver, Carrier PCB</description>
      <docs>http://www.nordicsemi.com/eng/content/download/2730/34105/file/nRF24L01_Product_Specification_v2_0.pdf</docs>
      <footprints>
        <fp>nRF24L01*Breakout*</fp>
      </footprints>
      <fields>
        <field name="Reference">U</field>
        <field name="Value">NRF24L01_Breakout</field>
        <field name="Footprint">RF_Module:nRF24L01_Breakout</field>
      </fields>
      <pins>
        <pin num="1" name="VCC" type="power_in"/>
        <pin num="2" name="CE" type="input"/>
        <pin num="3" name="~CSN" type="input"/>
        <pin num="4" name="SCK" type="input"/>
        <pin num="5" name="MOSI" type="input"/>
        <pin num="6" name="MISO" type="output"/>
        <pin num="7" name="IRQ" type="output"/>
        <pin num="8" name="GND" type="power_in"/>
      </pins>
    </libpart>
    <libpart lib="Regulator_Linear" part="AP1117-15">
      <aliases>
        <alias>AP1117-18</alias>
        <alias>AP1117-25</alias>
        <alias>AP1117-33</alias>
        <alias>AP1117-50</alias>
        <alias>LD1117S33TR_SOT223</alias>
        <alias>LD1117S12TR_SOT223</alias>
        <alias>LD1117S18TR_SOT223</alias>
        <alias>LD1117S25TR_SOT223</alias>
        <alias>LD1117S50TR_SOT223</alias>
        <alias>NCP1117-12_SOT223</alias>
        <alias>NCP1117-1.5_SOT223</alias>
        <alias>NCP1117-1.8_SOT223</alias>
        <alias>NCP1117-2.0_SOT223</alias>
        <alias>NCP1117-2.5_SOT223</alias>
        <alias>NCP1117-2.85_SOT223</alias>
        <alias>NCP1117-3.3_SOT223</alias>
        <alias>NCP1117-5.0_SOT223</alias>
        <alias>AMS1117-1.5</alias>
        <alias>AMS1117-1.8</alias>
        <alias>AMS1117-2.5</alias>
        <alias>AMS1117-2.85</alias>
        <alias>AMS1117-3.3</alias>
        <alias>AMS1117-5.0</alias>
      </aliases>
      <description>1A Low Dropout regulator, positive, 1.5V fixed output, SOT-223</description>
      <docs>http://www.diodes.com/datasheets/AP1117.pdf</docs>
      <footprints>
        <fp>SOT?223*TabPin2*</fp>
      </footprints>
      <fields>
        <field name="Reference">U</field>
        <field name="Value">AP1117-15</field>
        <field name="Footprint">Package_TO_SOT_SMD:SOT-223-3_TabPin2</field>
      </fields>
      <pins>
        <pin num="1" name="GND" type="power_in"/>
        <pin num="2" name="VO" type="power_out"/>
        <pin num="3" name="VI" type="power_in"/>
      </pins>
    </libpart>
    <libpart lib="Regulator_Linear" part="L7805">
      <aliases>
        <alias>L7806</alias>
        <alias>L7808</alias>
        <alias>L7885</alias>
        <alias>L7809</alias>
        <alias>L7812</alias>
        <alias>L7815</alias>
        <alias>L7818</alias>
        <alias>L7824</alias>
      </aliases>
      <description>Positive 1.5A 35V Linear Regulator, Fixed Output 5V, TO-220/TO-263/TO-252</description>
      <docs>http://www.st.com/content/ccc/resource/technical/document/datasheet/41/4f/b3/b0/12/d4/47/88/CD00000444.pdf/files/CD00000444.pdf/jcr:content/translations/en.CD00000444.pdf</docs>
      <footprints>
        <fp>TO?252*</fp>
        <fp>TO?263*</fp>
        <fp>TO?220*</fp>
      </footprints>
      <fields>
        <field name="Reference">U</field>
        <field name="Value">L7805</field>
      </fields>
      <pins>
        <pin num="1" name="IN" type="power_in"/>
        <pin num="2" name="GND" type="power_in"/>
        <pin num="3" name="OUT" type="power_out"/>
      </pins>
    </libpart>
    <libpart lib="Switch" part="SW_Push">
      <description>Push button switch, generic, two pins</description>
      <docs>~</docs>
      <fields>
        <field name="Reference">SW</field>
        <field name="Value">SW_Push</field>
      </fields>
      <pins>
        <pin num="1" name="1" type="passive"/>
        <pin num="2" name="2" type="passive"/>
      </pins>
    </libpart>
    <libpart lib="Transistor_BJT" part="S8050">
      <description>0.7A Ic, 20V Vce, Low Voltage High Current NPN Transistor, TO-92</description>
      <docs>http://www.unisonic.com.tw/datasheet/S8050.pdf</docs>
      <footprints>
        <fp>TO?92*</fp>
      </footprints>
      <fields>
        <field name="Reference">Q</field>
        <field name="Value">S8050</field>
        <field name="Footprint">Package_TO_SOT_THT:TO-92_Inline</field>
      </fields>
      <pins>
        <pin num="1" name="E" type="passive"/>
        <pin num="2" name="B" type="input"/>
        <pin num="3" name="C" type="passive"/>
      </pins>
    </libpart>
    <libpart lib="fly_receive-rescue" part="FLASH-New_Library">
      <fields>
        <field name="Reference">U</field>
        <field name="Value">FLASH-New_Library</field>
      </fields>
      <pins>
        <pin num="1" name="VCC" type="passive"/>
        <pin num="2" name="SWCLK" type="passive"/>
        <pin num="3" name="SWIO" type="passive"/>
        <pin num="4" name="GND" type="passive"/>
      </pins>
    </libpart>
    <libpart lib="fly_receive-rescue" part="OLED-New_Library">
      <fields>
        <field name="Reference">U</field>
        <field name="Value">OLED-New_Library</field>
      </fields>
      <pins>
        <pin num="1" name="GND" type="passive"/>
        <pin num="2" name="VCC" type="passive"/>
        <pin num="3" name="SCL" type="passive"/>
        <pin num="4" name="SDA" type="passive"/>
      </pins>
    </libpart>
    <libpart lib="fly_receive-rescue" part="PLUG_SMD-New_Library">
      <fields>
        <field name="Reference">U</field>
        <field name="Value">PLUG_SMD-New_Library</field>
      </fields>
      <pins>
        <pin num="1" name="~" type="passive"/>
        <pin num="2" name="~" type="passive"/>
        <pin num="3" name="~" type="passive"/>
      </pins>
    </libpart>
    <libpart lib="fly_receive-rescue" part="PLUG_SMD_4P-New_Library">
      <fields>
        <field name="Reference">U</field>
        <field name="Value">PLUG_SMD_4P-New_Library</field>
      </fields>
      <pins>
        <pin num="1" name="~" type="passive"/>
        <pin num="2" name="~" type="passive"/>
        <pin num="3" name="~" type="passive"/>
        <pin num="4" name="~" type="passive"/>
      </pins>
    </libpart>
  </libparts>
  <libraries>
    <library logical="Device">
      <uri>D:\Program Files\KiCad\share\kicad\library/Device.lib</uri>
    </library>
    <library logical="Diode">
      <uri>D:\Program Files\KiCad\share\kicad\library/Diode.lib</uri>
    </library>
    <library logical="MCU_ST_STM32F1">
      <uri>D:\Program Files\KiCad\share\kicad\library/MCU_ST_STM32F1.lib</uri>
    </library>
    <library logical="New_Library">
      <uri>D:\Program Files\KiCad\share\kicad\library/New_Library.lib</uri>
    </library>
    <library logical="RF">
      <uri>D:\Program Files\KiCad\share\kicad\library/RF.lib</uri>
    </library>
    <library logical="Regulator_Linear">
      <uri>D:\Program Files\KiCad\share\kicad\library/Regulator_Linear.lib</uri>
    </library>
    <library logical="Switch">
      <uri>D:\Program Files\KiCad\share\kicad\library/Switch.lib</uri>
    </library>
    <library logical="Transistor_BJT">
      <uri>D:\Program Files\KiCad\share\kicad\library/Transistor_BJT.lib</uri>
    </library>
    <library logical="fly_receive-rescue">
      <uri>C:\Users\12870\Desktop\j20\fly_receive/fly_receive-rescue.lib</uri>
    </library>
  </libraries>
  <nets>
    <net code="1" name="/OLED_SDA">
      <node ref="U3" pin="46"/>
      <node ref="U2" pin="4"/>
    </net>
    <net code="2" name="GND">
      <node ref="U3" pin="47"/>
      <node ref="U3" pin="8"/>
      <node ref="C7" pin="1"/>
      <node ref="C6" pin="1"/>
      <node ref="U4" pin="8"/>
      <node ref="C5" pin="1"/>
      <node ref="C14" pin="2"/>
      <node ref="R1" pin="2"/>
      <node ref="U1" pin="1"/>
      <node ref="C1" pin="2"/>
      <node ref="SW5" pin="1"/>
      <node ref="U3" pin="35"/>
      <node ref="SW6" pin="1"/>
      <node ref="U3" pin="23"/>
      <node ref="SW7" pin="1"/>
      <node ref="U13" pin="1"/>
      <node ref="Q1" pin="1"/>
      <node ref="U9" pin="1"/>
      <node ref="U16" pin="2"/>
      <node ref="U8" pin="1"/>
      <node ref="U10" pin="1"/>
      <node ref="U11" pin="1"/>
      <node ref="C13" pin="2"/>
      <node ref="U15" pin="2"/>
      <node ref="U17" pin="1"/>
      <node ref="U12" pin="1"/>
      <node ref="C12" pin="1"/>
      <node ref="C4" pin="1"/>
      <node ref="C2" pin="2"/>
      <node ref="C8" pin="1"/>
      <node ref="R13" pin="2"/>
      <node ref="U14" pin="2"/>
      <node ref="C3" pin="1"/>
      <node ref="U2" pin="1"/>
      <node ref="U5" pin="2"/>
      <node ref="R5" pin="2"/>
      <node ref="SW4" pin="1"/>
      <node ref="R4" pin="1"/>
      <node ref="U7" pin="4"/>
      <node ref="R3" pin="1"/>
      <node ref="C11" pin="1"/>
      <node ref="C9" pin="1"/>
    </net>
    <net code="3" name="+3V3">
      <node ref="U3" pin="24"/>
      <node ref="U3" pin="36"/>
      <node ref="U12" pin="4"/>
      <node ref="U4" pin="1"/>
      <node ref="U8" pin="3"/>
      <node ref="U3" pin="9"/>
      <node ref="D1" pin="2"/>
      <node ref="U3" pin="48"/>
      <node ref="C9" pin="2"/>
      <node ref="C11" pin="2"/>
      <node ref="U11" pin="3"/>
      <node ref="C8" pin="2"/>
      <node ref="U13" pin="4"/>
      <node ref="C12" pin="2"/>
      <node ref="U7" pin="1"/>
      <node ref="C14" pin="1"/>
      <node ref="U1" pin="2"/>
      <node ref="C1" pin="1"/>
      <node ref="C2" pin="1"/>
      <node ref="C13" pin="1"/>
      <node ref="U17" pin="4"/>
      <node ref="R2" pin="1"/>
      <node ref="U2" pin="2"/>
      <node ref="U9" pin="3"/>
      <node ref="U10" pin="3"/>
    </net>
    <net code="4" name="/OLED_SCL">
      <node ref="U3" pin="45"/>
      <node ref="U2" pin="3"/>
    </net>
    <net code="5" name="Net-(BZ1-Pad2)">
      <node ref="D3" pin="2"/>
      <node ref="BZ1" pin="2"/>
      <node ref="Q1" pin="3"/>
    </net>
    <net code="6" name="/VM">
      <node ref="R13" pin="1"/>
      <node ref="R12" pin="2"/>
      <node ref="U3" pin="18"/>
    </net>
    <net code="7" name="/TX">
      <node ref="U3" pin="42"/>
      <node ref="U17" pin="3"/>
    </net>
    <net code="8" name="/RX">
      <node ref="U17" pin="2"/>
      <node ref="U3" pin="43"/>
    </net>
    <net code="9" name="/NRST">
      <node ref="U3" pin="7"/>
      <node ref="C3" pin="2"/>
      <node ref="U14" pin="1"/>
      <node ref="R2" pin="2"/>
    </net>
    <net code="10" name="/SWDIO">
      <node ref="U3" pin="34"/>
      <node ref="U7" pin="3"/>
    </net>
    <net code="11" name="/CH1_RIGHT">
      <node ref="U3" pin="40"/>
      <node ref="SW5" pin="2"/>
    </net>
    <net code="12" name="Net-(Q1-Pad2)">
      <node ref="Q1" pin="2"/>
      <node ref="R11" pin="1"/>
    </net>
    <net code="13" name="/BEEP">
      <node ref="R11" pin="2"/>
      <node ref="U3" pin="31"/>
    </net>
    <net code="14" name="/SWCLK">
      <node ref="U3" pin="37"/>
      <node ref="U7" pin="2"/>
    </net>
    <net code="15" name="/CH1_LEFT">
      <node ref="SW4" pin="2"/>
      <node ref="U3" pin="41"/>
    </net>
    <net code="16" name="/CH2_DOWN">
      <node ref="U3" pin="39"/>
      <node ref="SW7" pin="2"/>
    </net>
    <net code="17" name="/CH2_UP">
      <node ref="U3" pin="38"/>
      <node ref="SW6" pin="2"/>
    </net>
    <net code="18" name="/CH4_RIGHT">
      <node ref="U14" pin="3"/>
      <node ref="U3" pin="32"/>
    </net>
    <net code="19" name="VCC">
      <node ref="U16" pin="1"/>
      <node ref="R12" pin="1"/>
      <node ref="U5" pin="1"/>
    </net>
    <net code="20" name="+5V">
      <node ref="U1" pin="3"/>
      <node ref="BZ1" pin="1"/>
      <node ref="D3" pin="1"/>
      <node ref="U5" pin="3"/>
    </net>
    <net code="21" name="/CH8">
      <node ref="U3" pin="17"/>
      <node ref="U13" pin="3"/>
    </net>
    <net code="22" name="/CH7">
      <node ref="U13" pin="2"/>
      <node ref="U3" pin="16"/>
    </net>
    <net code="23" name="/CH4_LEFT">
      <node ref="U3" pin="33"/>
      <node ref="U15" pin="3"/>
    </net>
    <net code="24" name="Net-(U3-Pad19)">
      <node ref="U3" pin="19"/>
    </net>
    <net code="25" name="Net-(U3-Pad21)">
      <node ref="U3" pin="21"/>
    </net>
    <net code="26" name="/CH2">
      <node ref="U10" pin="2"/>
      <node ref="U3" pin="11"/>
    </net>
    <net code="27" name="/CH3">
      <node ref="U3" pin="12"/>
      <node ref="U9" pin="2"/>
    </net>
    <net code="28" name="/CH4">
      <node ref="U8" pin="2"/>
      <node ref="U3" pin="13"/>
    </net>
    <net code="29" name="/CH1">
      <node ref="U3" pin="10"/>
      <node ref="U11" pin="2"/>
    </net>
    <net code="30" name="/CH5">
      <node ref="U3" pin="14"/>
      <node ref="U12" pin="2"/>
    </net>
    <net code="31" name="/CH6">
      <node ref="U12" pin="3"/>
      <node ref="U3" pin="15"/>
    </net>
    <net code="32" name="/NRF_CE">
      <node ref="U3" pin="29"/>
      <node ref="U4" pin="2"/>
    </net>
    <net code="33" name="/NRF_IRQ">
      <node ref="U3" pin="30"/>
      <node ref="U4" pin="7"/>
    </net>
    <net code="34" name="Net-(U3-Pad1)">
      <node ref="U3" pin="1"/>
    </net>
    <net code="35" name="/MENU">
      <node ref="U3" pin="22"/>
      <node ref="U15" pin="1"/>
    </net>
    <net code="36" name="/NRF_CSN">
      <node ref="U3" pin="25"/>
      <node ref="U4" pin="3"/>
    </net>
    <net code="37" name="/NRF_SCK">
      <node ref="U4" pin="4"/>
      <node ref="U3" pin="26"/>
    </net>
    <net code="38" name="/NRF_MISO">
      <node ref="U3" pin="27"/>
      <node ref="U4" pin="6"/>
    </net>
    <net code="39" name="/NRF_MOSI">
      <node ref="U3" pin="28"/>
      <node ref="U4" pin="5"/>
    </net>
    <net code="40" name="/LED">
      <node ref="D2" pin="2"/>
      <node ref="U3" pin="2"/>
    </net>
    <net code="41" name="/Y1_B">
      <node ref="C7" pin="2"/>
      <node ref="U3" pin="4"/>
      <node ref="Y2" pin="2"/>
    </net>
    <net code="42" name="/Y1_A">
      <node ref="Y2" pin="1"/>
      <node ref="C6" pin="2"/>
      <node ref="U3" pin="3"/>
    </net>
    <net code="43" name="/BOOT0">
      <node ref="R1" pin="1"/>
      <node ref="U3" pin="44"/>
    </net>
    <net code="44" name="/BOOT1">
      <node ref="U3" pin="20"/>
      <node ref="R5" pin="1"/>
    </net>
    <net code="45" name="Net-(D2-Pad1)">
      <node ref="D2" pin="1"/>
      <node ref="R4" pin="2"/>
    </net>
    <net code="46" name="Net-(D1-Pad1)">
      <node ref="D1" pin="1"/>
      <node ref="R3" pin="2"/>
    </net>
    <net code="47" name="/Y2_A">
      <node ref="C4" pin="2"/>
      <node ref="U3" pin="5"/>
      <node ref="Y1" pin="1"/>
    </net>
    <net code="48" name="/Y2_B">
      <node ref="U3" pin="6"/>
      <node ref="Y1" pin="2"/>
      <node ref="C5" pin="2"/>
    </net>
  </nets>
</export>
